<?xml version="1.0" encoding="UTF-8" standalone="no"?>
	<featureModel>
		<properties/>
		<struct>
			<and abstract="true" mandatory="true" name="SmartHomeRiSE_DSPL">
				<description>
					
				</description>
				<and mandatory="true" name="F1">
					<description>
						
					</description>
					<feature name="F2">
						<description>
							
						</description>
					</feature>
					<feature mandatory="true" name="F3">
						<description>
							
						</description>
					</feature>
					<feature name="F4">
						<description>
							
						</description>
					</feature>
					<feature mandatory="true" name="F5">
						<description>
							
						</description>
					</feature>
				</and>
				<and mandatory="true" name="F6">
					<description>
						
					</description>
					<feature mandatory="true" name="F7">
						<description>
							
						</description>
					</feature>
					<or name="F8">
						<description>
							
						</description>
						<feature mandatory="true" name="F9">
							<description>
								
							</description>
						</feature>
						<feature mandatory="true" name="F10">
							<description>
								
							</description>
						</feature>
					</or>
				</and>
				<and name="F11">
					<description>
						
					</description>
					<alt mandatory="true" name="F12">
						<description>
							
						</description>
						<feature mandatory="true" name="F13">
							<description>
								
							</description>
						</feature>
						<feature mandatory="true" name="F14">
							<description>
								
							</description>
						</feature>
					</alt>
					<or name="F15">
						<description>
							
						</description>
						<feature mandatory="true" name="F16">
							<description>
								
							</description>
						</feature>
						<feature mandatory="true" name="F17">
							<description>
								
							</description>
						</feature>
					</or>
				</and>
			</and>
		</struct>
		<constraints>
			<rule>
				<imp>
					<var>F2</var>
					<var>F4</var>
				</imp>
			</rule>
		</constraints>
		<calculations Auto="true" Constraints="true" Features="true" Redundant="true" Tautology="true"/>
		<comments/>
		<featureOrder userDefined="false"/>
	</featureModel>
